1,Rita,Prendeguest,rprendeguest0@walmart.com,China
2,Wendie,Swanger,wswanger1@pagesperso-orange.fr,China
3,Laurette,Haythorne,lhaythorne2@uol.com.br,China
4,Christal,Juppe,cjuppe3@icq.com,Norway
5,Glyn,Grollmann,ggrollmann4@jugem.jp,Indonesia
6,Gracia,Brittian,gbrittian5@army.mil,Lebanon
7,Emiline,O'Shavlan,eoshavlan6@instagram.com,China
8,Carver,Avrasin,cavrasin7@nationalgeographic.com,Brazil
9,Putnem,MacLucais,pmaclucais8@smugmug.com,Serbia
10,Fredrika,Weddell,fweddell9@cmu.edu,Vietnam
11,Issi,Selesnick,iselesnicka@examiner.com,Indonesia
12,Albrecht,Goby,agobyb@redcross.org,Serbia
13,Launce,Life,llifec@surveymonkey.com,Philippines
14,Angelia,Kloss,aklossd@hubpages.com,South Korea
15,Homer,Auton,hautone@google.com.hk,Haiti
16,Katee,Moylane,kmoylanef@technorati.com,Indonesia
17,Harland,Killby,hkillbyg@patch.com,Zambia
18,Brit,Duerden,bduerdenh@nydailynews.com,Nicaragua
19,Leonerd,Feast,lfeasti@amazon.de,China
20,Yulma,Weekley,yweekleyj@hubpages.com,United States
21,Marleen,Pulsford,mpulsfordk@comsenz.com,China
22,Kati,Shoppee,kshoppeel@sphinn.com,Ethiopia
23,Evvy,Earl,eearlm@patch.com,Greece
24,Delphine,MacGaughy,dmacgaughyn@washingtonpost.com,China
25,Simone,Durant,sduranto@php.net,Indonesia
26,Heinrick,Gudgeon,hgudgeonp@ibm.com,Germany
27,Thoma,Forrestall,tforrestallq@mediafire.com,Portugal
28,Annnora,Glennie,aglennier@delicious.com,Ireland
29,Penelope,Baitson,pbaitsons@examiner.com,Indonesia
30,Wilow,Botterell,wbotterellt@home.pl,Madagascar
31,Temple,Roney,troneyu@statcounter.com,Indonesia
32,Carin,Naton,cnatonv@ed.gov,Panama
33,Sasha,Burner,sburnerw@tuttocitta.it,Kosovo
34,Silva,Solway,ssolwayx@squidoo.com,Japan
35,Sigvard,Diche,sdichey@mapquest.com,Uganda
36,Ellerey,Guierre,eguierrez@sakura.ne.jp,Indonesia
37,Kelsy,Wallington,kwallington10@newsvine.com,Kazakhstan
38,Ellette,Archibald,earchibald11@sourceforge.net,Canada
39,Denney,Michin,dmichin12@netscape.com,Indonesia
40,Consolata,Thickens,cthickens13@delicious.com,Brazil
41,Lisette,Midlar,lmidlar14@examiner.com,Romania
42,Jay,D'Errico,jderrico15@gizmodo.com,Greece
43,Nevile,Szapiro,nszapiro16@soup.io,Poland
44,Kristy,Boase,kboase17@shop-pro.jp,China
45,Carry,McWhan,cmcwhan18@google.co.uk,China
46,Padriac,McClelland,pmcclelland19@addtoany.com,China
47,Jammie,Margiotta,jmargiotta1a@etsy.com,Cameroon
48,Laina,Tremayne,ltremayne1b@marketwatch.com,Czech Republic
49,Starr,Cardno,scardno1c@mediafire.com,Indonesia
50,Oona,Astman,oastman1d@unblog.fr,Philippines
51,Joyous,Clift,jclift1e@businessinsider.com,Portugal
52,Bernard,Lebbern,blebbern1f@newyorker.com,Philippines
53,Querida,Camillo,qcamillo1g@simplemachines.org,Indonesia
54,Rutger,Joan,rjoan1h@is.gd,France
55,Danny,Bruyett,dbruyett1i@engadget.com,United States
56,Kevan,Gozzett,kgozzett1j@example.com,Albania
57,Rudolfo,Porrett,rporrett1k@uiuc.edu,China
58,Gwynne,Caberas,gcaberas1l@lycos.com,Brazil
59,Merrill,Aymerich,maymerich1m@1und1.de,Burkina Faso
60,Lane,Jellings,ljellings1n@chicagotribune.com,Canada
61,Rasia,Kellard,rkellard1o@google.de,Norway
62,Dag,Harbord,dharbord1p@google.es,Colombia
63,Fidelia,Dabrowski,fdabrowski1q@businesswire.com,China
64,Doralynne,Pinkie,dpinkie1r@utexas.edu,China
65,Sybilla,Cartin,scartin1s@reverbnation.com,China
66,Wang,Claxton,wclaxton1t@senate.gov,China
67,Annecorinne,Melwall,amelwall1u@gnu.org,Indonesia
68,Rozalin,Jurisic,rjurisic1v@xinhuanet.com,Japan
69,Giavani,Buzek,gbuzek1w@seattletimes.com,Brazil
70,Bunny,Lipp,blipp1x@chicagotribune.com,China
71,Worden,Konke,wkonke1y@youku.com,Bangladesh
72,Waylen,Bodesson,wbodesson1z@is.gd,Mexico
73,Jasper,Behr,jbehr20@spiegel.de,Philippines
74,Kalle,Boother,kboother21@google.com.hk,Argentina
75,Dalia,Perllman,dperllman22@aboutads.info,Brazil
76,Bone,Rupke,brupke23@chron.com,Greece
77,Currey,Spencock,cspencock24@wsj.com,Mongolia
78,Phebe,Lagneaux,plagneaux25@t.co,Indonesia
79,Merell,Hennemann,mhennemann26@newsvine.com,China
80,Claudina,Harses,charses27@nbcnews.com,Ukraine
81,Almeria,Domerque,adomerque28@soup.io,United States
82,Greg,Thiolier,gthiolier29@w3.org,French Polynesia
83,Tiffany,Jacketts,tjacketts2a@instagram.com,Indonesia
84,Sapphira,Pie,spie2b@wikia.com,North Korea
85,Candide,Mackneis,cmackneis2c@tmall.com,Laos
86,Milena,Kasparski,mkasparski2d@mit.edu,China
87,Clemence,Leap,cleap2e@woothemes.com,Serbia
88,Gabbie,Natwick,gnatwick2f@prnewswire.com,China
89,Merrilee,Blazeby,mblazeby2g@360.cn,Indonesia
90,Hedwiga,McKerley,hmckerley2h@nyu.edu,Armenia
91,Fayina,Nani,fnani2i@wikipedia.org,Thailand
92,Chelsey,Salamon,csalamon2j@is.gd,Honduras
93,Berti,Sybbe,bsybbe2k@msn.com,China
94,Prue,Abdon,pabdon2l@un.org,Thailand
95,Odille,Powis,opowis2m@comsenz.com,China
96,Debor,Alexsandrovich,dalexsandrovich2n@joomla.org,Philippines
97,Lynette,Drei,ldrei2o@wired.com,Dominican Republic
98,Kellyann,Moden,kmoden2p@howstuffworks.com,Indonesia
99,Kessiah,Leal,kleal2q@marriott.com,Philippines
100,Moshe,Guidera,mguidera2r@illinois.edu,Indonesia
101,Terri-jo,Hellwing,thellwing2s@yelp.com,China
102,Joni,Doohan,jdoohan2t@multiply.com,Japan
103,Philippine,Ennion,pennion2u@scribd.com,Portugal
104,Christabella,Bubbins,cbubbins2v@epa.gov,Philippines
105,Theresita,Smillie,tsmillie2w@utexas.edu,Indonesia
106,Jerrilyn,Van Oort,jvanoort2x@nytimes.com,Poland
107,Peder,MacFadin,pmacfadin2y@tumblr.com,Burkina Faso
108,Morgan,Blyden,mblyden2z@google.co.jp,China
109,Raimund,Mattiacci,rmattiacci30@dedecms.com,China
110,Berne,MacCurtain,bmaccurtain31@yale.edu,United States
111,Constantina,Goodbar,cgoodbar32@prweb.com,Finland
112,Sheeree,Densell,sdensell33@msn.com,Poland
113,Sophie,Hankin,shankin34@ow.ly,China
114,Lynn,Elener,lelener35@com.com,Russia
115,Gus,McMeyler,gmcmeyler36@qq.com,China
116,Ravi,Trevascus,rtrevascus37@woothemes.com,Philippines
117,Ardelis,Watmough,awatmough38@fema.gov,Japan
118,Gerladina,MacIlhagga,gmacilhagga39@imageshack.us,China
119,Neil,Hawthorn,nhawthorn3a@mysql.com,Brazil
120,Selle,Merveille,smerveille3b@amazon.com,China
121,Robbert,Anfonsi,ranfonsi3c@unblog.fr,Sweden
122,Calley,Yakov,cyakov3d@google.com.hk,France
123,Hallsy,Paige,hpaige3e@indiatimes.com,Kazakhstan
124,Lorie,Sulley,lsulley3f@mayoclinic.com,Indonesia
125,Isaac,Halegarth,ihalegarth3g@reference.com,Colombia
126,Dolli,Oliveira,doliveira3h@bravesites.com,China
127,Chlo,Knowling,cknowling3i@gov.uk,Sweden
128,Gratiana,Shrigley,gshrigley3j@free.fr,Canada
129,Adey,Guirard,aguirard3k@omniture.com,Peru
130,Tremayne,Olifard,tolifard3l@bluehost.com,Tunisia
131,Rooney,Clementucci,rclementucci3m@flickr.com,China
132,Ashlie,Tudball,atudball3n@youtu.be,Croatia
133,Catherina,Harflete,charflete3o@berkeley.edu,Poland
134,Thorvald,Heikkinen,theikkinen3p@state.tx.us,China
135,Corbie,Chadbourne,cchadbourne3q@opensource.org,Indonesia
136,Innis,Sealey,isealey3r@goo.ne.jp,Mexico
137,Wilma,Della Scala,wdellascala3s@bravesites.com,Poland
138,Myer,Easseby,measseby3t@biglobe.ne.jp,China
139,Margo,Sussams,msussams3u@aol.com,Argentina
140,Louie,Fanstone,lfanstone3v@woothemes.com,China
141,Antonietta,Bellelli,abellelli3w@ifeng.com,China
142,Shurlock,Marini,smarini3x@networkadvertising.org,Venezuela
143,Luigi,Brooksbie,lbrooksbie3y@ebay.co.uk,Sweden
144,Ariel,Wolfit,awolfit3z@eepurl.com,Colombia
145,Brita,Mehaffey,bmehaffey40@dmoz.org,Ukraine
146,Elmira,Randales,erandales41@forbes.com,Ivory Coast
147,Thorsten,Albro,talbro42@unc.edu,Malawi
148,Yardley,Grigolashvill,ygrigolashvill43@mlb.com,France
149,Ringo,Casaletto,rcasaletto44@usgs.gov,Poland
150,Avril,Taverner,ataverner45@princeton.edu,Fiji
151,Kandace,Maplethorpe,kmaplethorpe46@boston.com,China
152,Lazar,Bidnall,lbidnall47@columbia.edu,Albania
153,Maurine,Ebourne,mebourne48@miibeian.gov.cn,Japan
154,Andriette,De Brett,adebrett49@topsy.com,Brazil
155,Teodor,Ahrenius,tahrenius4a@dedecms.com,Portugal
156,Carmela,Zieme,czieme4b@walmart.com,Peru
157,Dara,Bossons,dbossons4c@bing.com,Jamaica
158,Christi,Gibson,cgibson4d@state.gov,Vietnam
159,Cesaro,Arsmith,carsmith4e@goodreads.com,Morocco
160,Florinda,Kleeborn,fkleeborn4f@msn.com,Philippines
161,Paulo,Doldon,pdoldon4g@cdbaby.com,Madagascar
162,Emmalyn,Wellbelove,ewellbelove4h@elegantthemes.com,China
163,Sansone,Doodson,sdoodson4i@walmart.com,Mozambique
164,Dasha,Fasey,dfasey4j@cnet.com,Syria
165,Rem,Cheyne,rcheyne4k@opensource.org,Brazil
166,Shepherd,Moogan,smoogan4l@livejournal.com,China
167,Tomlin,Meagh,tmeagh4m@amazon.co.jp,Russia
168,Ignatius,Osmund,iosmund4n@umn.edu,Thailand
169,Rhetta,Easeman,reaseman4o@prlog.org,China
170,Amber,McKeighan,amckeighan4p@issuu.com,Micronesia
171,Ariel,Mallaby,amallaby4q@nps.gov,Portugal
172,Jarret,Bufton,jbufton4r@slashdot.org,Indonesia
173,Xylia,Burke,xburke4s@gov.uk,United States
174,Consuela,Gilstoun,cgilstoun4t@wufoo.com,Bulgaria
175,Charissa,Ismail,cismail4u@webnode.com,United States
176,Constantine,Cussons,ccussons4v@wisc.edu,United States
177,Crawford,Blackborow,cblackborow4w@tmall.com,Philippines
178,Cleavland,Slafford,cslafford4x@hhs.gov,China
179,Skip,Narey,snarey4y@ycombinator.com,Latvia
180,Kizzee,Russ,kruss4z@deliciousdays.com,Honduras
181,Buddie,Kellie,bkellie50@tinypic.com,Indonesia
182,Keir,Koop,kkoop51@amazon.co.jp,Haiti
183,Sharona,Tudge,studge52@a8.net,China
184,Petronilla,Rayworth,prayworth53@foxnews.com,France
185,Eleanore,FitzGibbon,efitzgibbon54@hostgator.com,China
186,Alejandro,Tidcomb,atidcomb55@paypal.com,Russia
187,Bret,Pagitt,bpagitt56@google.ca,China
188,Heywood,Glanert,hglanert57@discuz.net,Philippines
189,Jess,Iacavone,jiacavone58@businessweek.com,Peru
190,Duff,Sustins,dsustins59@independent.co.uk,Costa Rica
191,Shir,Van der Veldt,svanderveldt5a@dailymail.co.uk,Russia
192,Thain,Tindley,ttindley5b@gravatar.com,Colombia
193,Rachele,Alpin,ralpin5c@yolasite.com,China
194,Mufinella,Collihole,mcollihole5d@dagondesign.com,Japan
195,Anne,Newlands,anewlands5e@mozilla.com,Pakistan
196,Dorthy,Vondruska,dvondruska5f@craigslist.org,Ukraine
197,Anson,Auger,aauger5g@tinyurl.com,Thailand
198,Erna,Minshall,eminshall5h@engadget.com,United States
199,Sosanna,Todd,stodd5i@diigo.com,Sweden
200,Erasmus,Luesley,eluesley5j@liveinternet.ru,China
201,Findlay,Hebblewhite,fhebblewhite5k@cam.ac.uk,Nepal
202,Dosi,Dunseath,ddunseath5l@zimbio.com,Russia
203,Teresa,Copins,tcopins5m@php.net,Macedonia
204,Lynn,Bierling,lbierling5n@godaddy.com,Indonesia
205,Shaylah,Winsiowiecki,swinsiowiecki5o@senate.gov,China
206,Domingo,Brussels,dbrussels5p@bandcamp.com,Macedonia
207,Giselbert,Chiechio,gchiechio5q@cbc.ca,China
208,Anna,Calcott,acalcott5r@wiley.com,Syria
209,Jemmy,Bagshawe,jbagshawe5s@springer.com,Guatemala
210,Sonnie,Cheasman,scheasman5t@uol.com.br,Colombia
211,Aveline,Perri,aperri5u@1und1.de,Czech Republic
212,Kara-lynn,Bligh,kbligh5v@cafepress.com,Croatia
213,Howey,Millar,hmillar5w@hatena.ne.jp,Japan
214,Elianore,Stryde,estryde5x@youtube.com,France
215,Fredi,Booker,fbooker5y@tamu.edu,Kenya
216,Jimmy,Bowmen,jbowmen5z@cornell.edu,Colombia
217,Michel,MacClinton,mmacclinton60@wordpress.org,Benin
218,Cathy,Woolland,cwoolland61@chron.com,Portugal
219,Kelbee,Tomaselli,ktomaselli62@nature.com,China
220,Arabelle,Standbridge,astandbridge63@simplemachines.org,Philippines
221,Marielle,Mergue,mmergue64@virginia.edu,China
222,Rancell,Paolone,rpaolone65@slideshare.net,France
223,Yardley,Olenichev,yolenichev66@businesswire.com,Sri Lanka
224,Corliss,Giamitti,cgiamitti67@intel.com,Brazil
225,Philly,Lowmass,plowmass68@netscape.com,France
226,Tannie,Bolgar,tbolgar69@state.gov,Venezuela
227,Judi,Barnewille,jbarnewille6a@indiatimes.com,France
228,Celine,Domnick,cdomnick6b@webeden.co.uk,China
229,Allan,Headly,aheadly6c@live.com,United States
230,Bibbie,Beazleigh,bbeazleigh6d@facebook.com,Germany
231,Corty,De Gregorio,cdegregorio6e@aol.com,Sweden
232,Bertha,Betke,bbetke6f@springer.com,Nicaragua
233,Clarice,Franceschino,cfranceschino6g@netvibes.com,China
234,Katlin,Pach,kpach6h@123-reg.co.uk,Greece
235,Margalit,Maevela,mmaevela6i@foxnews.com,Honduras
236,Kattie,Haldenby,khaldenby6j@woothemes.com,United States
237,Janie,Caustick,jcaustick6k@house.gov,China
238,Hoebart,Meeron,hmeeron6l@ed.gov,Philippines
239,Willa,Tilford,wtilford6m@intel.com,Ukraine
240,Lauretta,Northidge,lnorthidge6n@delicious.com,Bolivia
241,Shaylynn,Meininking,smeininking6o@pcworld.com,Pakistan
242,Gerome,O'Fallone,gofallone6p@nyu.edu,Thailand
243,Gennie,Lile,glile6q@quantcast.com,Russia
244,Livvy,Daldry,ldaldry6r@miitbeian.gov.cn,Iraq
245,Lemmy,Giovannoni,lgiovannoni6s@apple.com,Poland
246,Gates,Tresvina,gtresvina6t@psu.edu,Syria
247,Gabriel,Lubman,glubman6u@elegantthemes.com,Russia
248,Leta,Ure,lure6v@bloomberg.com,Mauritius
249,Curr,Franckton,cfranckton6w@sciencedirect.com,Greece
250,Gale,Gobourn,ggobourn6x@networkadvertising.org,Uganda
251,Ashlee,Bowerbank,abowerbank6y@purevolume.com,Nigeria
252,Stephie,Snawden,ssnawden6z@tripod.com,Pakistan
253,Urbano,Epilet,uepilet70@yelp.com,Sweden
254,Isabel,Gallant,igallant71@craigslist.org,Indonesia
255,Vivianna,Petrusch,vpetrusch72@cnbc.com,Indonesia
256,Paco,Lazenby,plazenby73@psu.edu,Czech Republic
257,Loise,Pien,lpien74@youtu.be,Indonesia
258,Renata,Gallaway,rgallaway75@smugmug.com,Russia
259,Pietro,Iacomelli,piacomelli76@nhs.uk,France
260,Clerissa,Pennazzi,cpennazzi77@statcounter.com,Brazil
261,Charley,Blackeby,cblackeby78@china.com.cn,Syria
262,Janie,Lattos,jlattos79@google.pl,Lithuania
263,Ivor,Ramas,iramas7a@cbc.ca,Croatia
264,Jenna,Fox,jfox7b@networksolutions.com,Vietnam
265,Lucina,Bernette,lbernette7c@youtu.be,China
266,Ossie,Hastwall,ohastwall7d@narod.ru,Indonesia
267,Brittney,Strevens,bstrevens7e@technorati.com,China
268,Ross,Dashkovich,rdashkovich7f@xing.com,Indonesia
269,Aurthur,Algore,aalgore7g@tiny.cc,Russia
270,Eloise,Andrea,eandrea7h@pinterest.com,France
271,Delphinia,Stonall,dstonall7i@dedecms.com,China
272,Malachi,Mayston,mmayston7j@behance.net,Canada
273,Hugo,Cauthra,hcauthra7k@jigsy.com,Slovenia
274,Fredericka,Rebbeck,frebbeck7l@taobao.com,Poland
275,Link,Clears,lclears7m@so-net.ne.jp,Bangladesh
276,Elia,Ladell,eladell7n@eventbrite.com,Japan
277,Sherie,Thurnham,sthurnham7o@geocities.jp,Greece
278,Ashton,Colwell,acolwell7p@ftc.gov,Kenya
279,Hamid,Boston,hboston7q@accuweather.com,China
280,Rosalia,Kohlert,rkohlert7r@auda.org.au,Samoa
281,Felix,Mitchelson,fmitchelson7s@cloudflare.com,China
282,Lilith,Duck,lduck7t@last.fm,Poland
283,Glennis,Butchart,gbutchart7u@over-blog.com,Czech Republic
284,Aldin,Blanko,ablanko7v@usatoday.com,Russia
285,Doti,Jahn,djahn7w@hexun.com,Colombia
286,Tabbitha,Napton,tnapton7x@adobe.com,Japan
287,Tobey,Clother,tclother7y@jigsy.com,France
288,Nathaniel,Gerrard,ngerrard7z@utexas.edu,Argentina
289,Charline,Tuer,ctuer80@patch.com,Indonesia
290,Judie,Wimbush,jwimbush81@salon.com,Indonesia
291,Johnna,Sauven,jsauven82@redcross.org,Vietnam
292,Brandyn,Sedge,bsedge83@alexa.com,China
293,Fonz,Totton,ftotton84@state.gov,China
294,Floyd,Gillooly,fgillooly85@upenn.edu,Russia
295,Kare,Meanwell,kmeanwell86@skyrock.com,China
296,Hildagard,Aucoate,haucoate87@usnews.com,Pakistan
297,Marti,Flieg,mflieg88@bloglines.com,France
298,Terrance,Concklin,tconcklin89@hc360.com,Palau
299,Joby,Ryman,jryman8a@edublogs.org,Japan
300,Sindee,Unstead,sunstead8b@rambler.ru,Philippines
301,Jessalin,Imlach,jimlach8c@dot.gov,Brazil
302,Kassia,Keary,kkeary8d@tuttocitta.it,Peru
303,Olivie,Hewins,ohewins8e@apple.com,France
304,Koren,Suttie,ksuttie8f@geocities.jp,Croatia
305,Jyoti,Spere,jspere8g@goo.gl,China
306,Briney,Cowx,bcowx8h@wikispaces.com,Colombia
307,Caitlin,Murname,cmurname8i@hubpages.com,Sweden
308,Audy,Minichillo,aminichillo8j@salon.com,China
309,Gualterio,Sidary,gsidary8k@cdbaby.com,Argentina
310,Jarid,Dronsfield,jdronsfield8l@slashdot.org,China
311,Whitaker,Baigrie,wbaigrie8m@homestead.com,Honduras
312,Peterus,Cowterd,pcowterd8n@java.com,Sweden
313,Marianne,Cuttell,mcuttell8o@sphinn.com,China
314,Arie,Ridwood,aridwood8p@cyberchimps.com,China
315,Rogers,Medforth,rmedforth8q@amazon.com,Comoros
316,Gallagher,Gallelli,ggallelli8r@va.gov,China
317,Philipa,Terney,pterney8s@shutterfly.com,Indonesia
318,Cassey,Stivers,cstivers8t@delicious.com,Portugal
319,Bernardo,Skelly,bskelly8u@gnu.org,China
320,Karoline,Robbey,krobbey8v@shareasale.com,United States
321,Rochester,Lecointe,rlecointe8w@rakuten.co.jp,Poland
322,Noam,Haccleton,nhaccleton8x@whitehouse.gov,Canada
323,Bernardina,Smeeth,bsmeeth8y@cornell.edu,Poland
324,Merrily,Gurney,mgurney8z@go.com,Belarus
325,Aleksandr,Skedgell,askedgell90@virginia.edu,Latvia
326,Katleen,Belford,kbelford91@craigslist.org,Indonesia
327,Alfie,Scimonelli,ascimonelli92@dmoz.org,China
328,Bird,Ivantyev,bivantyev93@ycombinator.com,Poland
329,Shannen,Hapke,shapke94@amazon.co.uk,China
330,Tiphany,Cordeiro,tcordeiro95@opera.com,Democratic Republic of the Congo
331,Fianna,Draper,fdraper96@pinterest.com,Paraguay
332,Barbette,Riggoll,briggoll97@accuweather.com,Peru
333,Doralia,Oxx,doxx98@jimdo.com,China
334,Allyson,Boyack,aboyack99@nationalgeographic.com,Belarus
335,Nannie,Innett,ninnett9a@chronoengine.com,Ukraine
336,Joshua,Nosworthy,jnosworthy9b@printfriendly.com,China
337,Corrine,Lonsdale,clonsdale9c@japanpost.jp,Ukraine
338,Pauli,Speak,pspeak9d@yale.edu,China
339,Harley,Kollas,hkollas9e@moonfruit.com,Madagascar
340,Rudd,Paviour,rpaviour9f@accuweather.com,Poland
341,Syman,Willson,swillson9g@accuweather.com,Brazil
342,Corrianne,Tottem,ctottem9h@vimeo.com,Brazil
343,Conan,MacGauhy,cmacgauhy9i@rakuten.co.jp,Philippines
344,Guenna,Carding,gcarding9j@time.com,Colombia
345,Kania,Jerrome,kjerrome9k@yahoo.com,Chile
346,Ellary,Croom,ecroom9l@privacy.gov.au,China
347,Murdoch,Tonepohl,mtonepohl9m@unblog.fr,Japan
348,Verine,Morigan,vmorigan9n@joomla.org,Tunisia
349,Calypso,Heake,cheake9o@nsw.gov.au,China
350,Minda,Garrad,mgarrad9p@jiathis.com,China
351,Maddie,Keiley,mkeiley9q@oaic.gov.au,Mozambique
352,Lotti,Chatan,lchatan9r@slate.com,Botswana
353,Mariele,Zmitrovich,mzmitrovich9s@blinklist.com,Falkland Islands
354,Sigmund,Burree,sburree9t@nps.gov,Ghana
355,Chicky,Manby,cmanby9u@ameblo.jp,Poland
356,Lilas,Coulthurst,lcoulthurst9v@cnn.com,Malaysia
357,Hobard,Currin,hcurrin9w@opensource.org,Indonesia
358,Riannon,Haggith,rhaggith9x@ftc.gov,Tuvalu
359,Prissie,Balloch,pballoch9y@alexa.com,Thailand
360,Debera,Le Frank,dlefrank9z@marriott.com,China
361,Kennie,Enns,kennsa0@stanford.edu,China
362,Toddie,Andrzejak,tandrzejaka1@admin.ch,Philippines
363,Marlo,Horrigan,mhorrigana2@opensource.org,Greece
364,Loren,Antic,lantica3@state.gov,Philippines
365,Dominique,Filon,dfilona4@techcrunch.com,Mauritania
366,Gunar,Pannaman,gpannamana5@yelp.com,China
367,Ferdinanda,Puleque,fpulequea6@squarespace.com,Colombia
368,Adoree,Sixsmith,asixsmitha7@noaa.gov,Colombia
369,Guendolen,Leetham,gleethama8@soup.io,Philippines
370,Sybyl,Alldre,salldrea9@sun.com,Papua New Guinea
371,Miof mela,Wingrove,mwingroveaa@barnesandnoble.com,Ukraine
372,Cosette,De Paepe,cdepaepeab@gravatar.com,China
373,Stuart,Sagrott,ssagrottac@latimes.com,Indonesia
374,Electra,Ricardet,ericardetad@thetimes.co.uk,China
375,Marion,Yanukhin,myanukhinae@mozilla.com,Indonesia
376,Xenia,Milella,xmilellaaf@clickbank.net,Russia
377,Neysa,Ribeiro,nribeiroag@jiathis.com,Cyprus
378,Saundra,Estoile,sestoileah@eventbrite.com,Namibia
379,Cyndie,Dreini,cdreiniai@ihg.com,Philippines
380,Talya,Peacher,tpeacheraj@delicious.com,Russia
381,Rick,Saffle,rsaffleak@prnewswire.com,Mauritius
382,Jerad,Friedenbach,jfriedenbachal@walmart.com,Philippines
383,Vasili,Bryde,vbrydeam@skyrock.com,Sweden
384,Agna,Trees,atreesan@noaa.gov,Sweden
385,Risa,Byrom,rbyromao@tamu.edu,New Zealand
386,Alexandro,Skiggs,askiggsap@comcast.net,China
387,Osbourn,Levinge,olevingeaq@blogspot.com,China
388,Blakeley,Helliar,bhelliarar@shop-pro.jp,Aland Islands
389,Cahra,Mantz,cmantzas@abc.net.au,Brazil
390,Andie,Tunaclift,atunacliftat@indiegogo.com,Russia
391,Hagan,Rubinovitsch,hrubinovitschau@canalblog.com,Philippines
392,Sauveur,Wardale,swardaleav@oakley.com,France
393,Modestine,Pendlenton,mpendlentonaw@ucoz.ru,Estonia
394,Dick,Tames,dtamesax@sphinn.com,Colombia
395,Northrop,Krates,nkratesay@answers.com,Peru
396,Kent,Jarrelt,kjarreltaz@ibm.com,Russia
397,Cristal,Frankowski,cfrankowskib0@kickstarter.com,China
398,Birgit,Deare,bdeareb1@aol.com,Kyrgyzstan
399,Jeramey,Crosby,jcrosbyb2@noaa.gov,China
400,Dru,Parlatt,dparlattb3@wisc.edu,Denmark
401,Doloritas,Mullord,dmullordb4@army.mil,Portugal
402,Letti,Argrave,largraveb5@bbb.org,Dominican Republic
403,Dill,Terrans,dterransb6@msn.com,Japan
404,Willdon,Bradwell,wbradwellb7@ox.ac.uk,Brazil
405,Janek,Barok,jbarokb8@so-net.ne.jp,China
406,Blinnie,Paolo,bpaolob9@umn.edu,Philippines
407,Peder,Rillatt,prillattba@cloudflare.com,Cuba
408,Kirk,Bartolozzi,kbartolozzibb@feedburner.com,Czech Republic
409,Roshelle,Welling,rwellingbc@archive.org,Czech Republic
410,Murdock,Wellum,mwellumbd@sphinn.com,Georgia
411,Velvet,Kolak,vkolakbe@comsenz.com,China
412,Ellynn,McGeagh,emcgeaghbf@seesaa.net,Greece
413,Lorain,Roderighi,lroderighibg@amazon.com,Brazil
414,Theresa,Birkmyre,tbirkmyrebh@furl.net,Portugal
415,Ros,Skittrall,rskittrallbi@usgs.gov,Ethiopia
416,Marley,Olenov,molenovbj@163.com,Indonesia
417,Onfroi,Brownrigg,obrownriggbk@ihg.com,Brazil
418,Martie,Carberry,mcarberrybl@weebly.com,Croatia
419,Cyril,Iashvili,ciashvilibm@vimeo.com,Indonesia
420,Candis,Gonnet,cgonnetbn@opera.com,China
421,Braden,Roycroft,broycroftbo@dmoz.org,Indonesia
422,Britt,Torricina,btorricinabp@domainmarket.com,Latvia
423,Rosalinda,Mackrill,rmackrillbq@disqus.com,China
424,Steffen,Lavalde,slavaldebr@live.com,China
425,Wainwright,Sponder,wsponderbs@homestead.com,South Africa
426,Helga,Upwood,hupwoodbt@ed.gov,Hungary
427,Tedra,Kelway,tkelwaybu@imdb.com,Norway
428,Roderic,Keenor,rkeenorbv@baidu.com,Argentina
429,Norean,Haitlie,nhaitliebw@upenn.edu,France
430,Rodney,Mumberson,rmumbersonbx@washingtonpost.com,Portugal
431,Addi,Thunderchief,athunderchiefby@is.gd,China
432,Lorenza,Eidelman,leidelmanbz@xrea.com,China
433,Fiorenze,Frankcombe,ffrankcombec0@biblegateway.com,Poland
434,Linet,Mallock,lmallockc1@globo.com,Ireland
435,Di,Bowery,dboweryc2@archive.org,Nigeria
436,Carola,Dudgeon,cdudgeonc3@xrea.com,Wallis and Futuna
437,Terrie,Gannicleff,tgannicleffc4@house.gov,China
438,Franchot,Quidenham,fquidenhamc5@archive.org,Portugal
439,Christean,Binden,cbindenc6@paginegialle.it,Benin
440,Magdaia,Bitten,mbittenc7@guardian.co.uk,China
441,Mohammed,Tallquist,mtallquistc8@earthlink.net,Argentina
442,Fabien,Cricket,fcricketc9@hubpages.com,Netherlands
443,Jules,Leathes,jleathesca@canalblog.com,China
444,Randi,Waterdrinker,rwaterdrinkercb@amazon.co.jp,China
445,Giana,Enderwick,genderwickcc@discuz.net,Chile
446,Eldredge,Royl,eroylcd@artisteer.com,China
447,Sammy,Joss,sjossce@google.com.hk,Brazil
448,Shirlee,Ilyas,silyascf@stumbleupon.com,Azerbaijan
449,Harrie,Scamerdine,hscamerdinecg@tinyurl.com,Iran
450,Sandye,Baggot,sbaggotch@creativecommons.org,Brazil
451,Lucinda,Pidgley,lpidgleyci@nba.com,Luxembourg
452,Garnet,Dei,gdeicj@cbc.ca,Indonesia
453,Ulla,Bradneck,ubradneckck@ted.com,Philippines
454,Flint,Haselup,fhaselupcl@army.mil,South Africa
455,Nappie,Vanns,nvannscm@networkadvertising.org,Russia
456,Benita,Boncoeur,bboncoeurcn@mysql.com,Argentina
457,Gwenni,Boylin,gboylinco@zdnet.com,China
458,Estele,Shadfourth,eshadfourthcp@chron.com,China
459,Lorne,Doorly,ldoorlycq@pcworld.com,Sweden
460,Mathew,Waycott,mwaycottcr@va.gov,Nigeria
461,Kylila,Gravet,kgravetcs@unc.edu,Peru
462,Lorrin,Biskupski,lbiskupskict@clickbank.net,China
463,Frederich,Ianetti,fianetticu@slate.com,Sweden
464,Amata,Layborn,alayborncv@bing.com,Argentina
465,Kathe,Chasteney,kchasteneycw@amazon.com,Guatemala
466,Hamnet,Crees,hcreescx@pcworld.com,Indonesia
467,Gibbie,Marklew,gmarklewcy@miitbeian.gov.cn,Brazil
468,Kizzee,Fomichkin,kfomichkincz@yale.edu,France
469,Ralf,Papachristophorou,rpapachristophoroud0@cam.ac.uk,Poland
470,Rosabelle,Kliemke,rkliemked1@cdbaby.com,Greece
471,Edi,Adrianello,eadrianellod2@intel.com,China
472,Chicky,Hibling,chiblingd3@vistaprint.com,United Arab Emirates
473,Hedda,Giriardelli,hgiriardellid4@hugedomains.com,Indonesia
474,Lilia,Shearme,lshearmed5@statcounter.com,Poland
475,Jeri,Beamson,jbeamsond6@yahoo.co.jp,Poland
476,Keene,Humphery,khumpheryd7@marriott.com,Indonesia
477,Brigid,Reddick,breddickd8@merriam-webster.com,Venezuela
478,Elaine,Leeson,eleesond9@google.nl,Brazil
479,Brnaby,Hentzeler,bhentzelerda@umich.edu,Colombia
480,Bern,Maffini,bmaffinidb@fotki.com,New Zealand
481,Derril,Flockhart,dflockhartdc@yelp.com,Netherlands
482,Lolita,Witard,lwitarddd@privacy.gov.au,Malaysia
483,Sigismundo,Salerg,ssalergde@webnode.com,Russia
484,Nissa,Crowe,ncrowedf@phpbb.com,China
485,Waneta,Blundin,wblundindg@nature.com,Colombia
486,Glyn,Di Carli,gdicarlidh@hatena.ne.jp,China
487,Janella,Roderigo,jroderigodi@nytimes.com,Panama
488,Tyrone,Heaney,theaneydj@java.com,China
489,Cammie,Ceschelli,cceschellidk@merriam-webster.com,Mexico
490,Cordey,O'Cannon,cocannondl@yahoo.co.jp,Iran
491,Kassey,Cicculi,kcicculidm@squarespace.com,China
492,Kipper,Jordon,kjordondn@washington.edu,Philippines
493,Neddie,McGilbon,nmcgilbondo@latimes.com,Bangladesh
494,Elke,Tennock,etennockdp@paypal.com,Portugal
495,Bernita,Greschik,bgreschikdq@mtv.com,Uganda
496,Yoshiko,Woolaston,ywoolastondr@163.com,China
497,Ronnie,Lathleiff,rlathleiffds@admin.ch,Serbia
498,Millie,Coxon,mcoxondt@bandcamp.com,Japan
499,Sheilakathryn,Mc Menamin,smcmenamindu@feedburner.com,Indonesia
500,Marquita,Quodling,mquodlingdv@buzzfeed.com,China
501,Bev,Portt,bporttdw@amazonaws.com,Norway
502,Eleanor,Dunseath,edunseathdx@ovh.net,China
503,Susana,Oneill,soneilldy@prnewswire.com,Pakistan
504,Nikolos,Jarmain,njarmaindz@youku.com,China
505,Pearce,Ellicock,pellicocke0@wordpress.com,Croatia
506,Katherine,Lyster,klystere1@cnbc.com,Ethiopia
507,Quentin,Rollingson,qrollingsone2@elegantthemes.com,Indonesia
508,Tyrus,Inchan,tinchane3@weebly.com,Philippines
509,Cully,Cleworth,ccleworthe4@google.de,Ukraine
510,Andreas,Bourtoumieux,abourtoumieuxe5@studiopress.com,Brazil
511,Haroun,Yakobovitz,hyakobovitze6@ocn.ne.jp,Bulgaria
512,Alex,Rimbault,arimbaulte7@spiegel.de,Sierra Leone
513,Kassandra,Spada,kspadae8@hugedomains.com,Russia
514,Marcia,Roulston,mroulstone9@diigo.com,Sweden
515,Bink,Tudbald,btudbaldea@telegraph.co.uk,Argentina
516,Brendon,Bayle,bbayleeb@miitbeian.gov.cn,Hungary
517,Ottilie,Grundy,ogrundyec@booking.com,China
518,Pattin,Pepys,ppepysed@usnews.com,Panama
519,Lishe,Gallelli,lgallelliee@eventbrite.com,Indonesia
520,Donni,Boughen,dboughenef@51.la,Sweden
521,Sheryl,Spondley,sspondleyeg@marriott.com,Indonesia
522,Daveta,Sidon,dsidoneh@eepurl.com,Indonesia
523,Brooke,Gardener,bgardenerei@github.io,Japan
524,Tonnie,Straun,tstraunej@imgur.com,Thailand
525,Lesley,Toffano,ltoffanoek@dion.ne.jp,Syria
526,Ashlie,Yoxall,ayoxallel@liveinternet.ru,United States
527,Kath,Quantrill,kquantrillem@amazon.de,Mexico
528,Cal,MacDavitt,cmacdavitten@arizona.edu,Luxembourg
529,Suzy,Champkins,schampkinseo@scribd.com,Portugal
530,Callie,Cuolahan,ccuolahanep@noaa.gov,China
531,Donn,Akam,dakameq@webeden.co.uk,Madagascar
532,Maddy,Backhurst,mbackhurster@symantec.com,Russia
533,Albertine,Atto,aattoes@washingtonpost.com,Poland
534,Verina,Hanscome,vhanscomeet@columbia.edu,Ukraine
535,Dulcea,Uttermare,duttermareeu@soundcloud.com,China
536,Balduin,Tuckett,btuckettev@facebook.com,Indonesia
537,Eleni,McGilvra,emcgilvraew@altervista.org,Latvia
538,Randolph,Kruse,rkruseex@baidu.com,Portugal
539,Kippy,Rein,kreiney@oracle.com,Russia
540,Shari,Pietroni,spietroniez@forbes.com,Indonesia
541,Georgie,Seares,gsearesf0@devhub.com,China
542,Ashla,Perin,aperinf1@quantcast.com,Indonesia
543,Emmott,Osmund,eosmundf2@arizona.edu,China
544,Marcelline,Gaukroger,mgaukrogerf3@shareasale.com,Philippines
545,Gris,Bridle,gbridlef4@list-manage.com,China
546,Sandy,Szepe,sszepef5@youku.com,Thailand
547,Dave,Burgot,dburgotf6@toplist.cz,China
548,Henka,Kiledal,hkiledalf7@simplemachines.org,Japan
549,Jodee,Ganiclef,jganicleff8@blogs.com,Japan
550,Peyter,Brosi,pbrosif9@who.int,China
551,Clem,Harbour,charbourfa@techcrunch.com,Maldives
552,Baily,Hullyer,bhullyerfb@ftc.gov,China
553,Madlin,Gaskins,mgaskinsfc@economist.com,Sweden
554,Dominick,Rooze,droozefd@fda.gov,Venezuela
555,Hesther,Igo,higofe@delicious.com,China
556,Alaine,Bunn,abunnff@apache.org,Thailand
557,Zara,Shortcliffe,zshortcliffefg@taobao.com,Czech Republic
558,Lisette,Tanti,ltantifh@salon.com,Denmark
559,Woodrow,Stoite,wstoitefi@tmall.com,China
560,Coreen,Bysaker,cbysakerfj@whitehouse.gov,Brazil
561,Randi,Jossel,rjosselfk@aol.com,South Africa
562,Nicolas,Easterfield,neasterfieldfl@sphinn.com,Uruguay
563,Terrell,Debenham,tdebenhamfm@businesswire.com,Greece
564,Odetta,Ellson,oellsonfn@ed.gov,Sweden
565,Dusty,Huggett,dhuggettfo@yellowpages.com,Sweden
566,Lilla,Folcarelli,lfolcarellifp@smh.com.au,Poland
567,Andie,Scolts,ascoltsfq@redcross.org,Portugal
568,Sylvia,Acosta,sacostafr@yellowpages.com,Greece
569,Charlot,MacCarrane,cmaccarranefs@netscape.com,France
570,Wendeline,Trass,wtrassft@craigslist.org,Indonesia
571,Fair,McAvin,fmcavinfu@vimeo.com,Argentina
572,Fayette,Norsworthy,fnorsworthyfv@army.mil,Sweden
573,Dario,Collaton,dcollatonfw@si.edu,China
574,Trina,Gimbart,tgimbartfx@gnu.org,Philippines
575,Skylar,Jina,sjinafy@howstuffworks.com,China
576,Rochette,Sillito,rsillitofz@si.edu,China
577,Emeline,Giurio,egiuriog0@zimbio.com,South Korea
578,Calvin,Deery,cdeeryg1@stumbleupon.com,France
579,Debra,Battill,dbattillg2@smh.com.au,Portugal
580,Rasia,Jarmyn,rjarmyng3@printfriendly.com,Morocco
581,Seamus,Simpkins,ssimpkinsg4@nifty.com,Japan
582,Nickie,Rowett,nrowettg5@biglobe.ne.jp,China
583,Ailis,Greenroyd,agreenroydg6@google.co.uk,Argentina
584,Rosamund,Goulthorp,rgoulthorpg7@ihg.com,Russia
585,Regina,Spicer,rspicerg8@ibm.com,Indonesia
586,Harriot,Gillopp,hgilloppg9@hud.gov,Portugal
587,Felice,Butland,fbutlandga@mapy.cz,China
588,Virgie,Voff,vvoffgb@rediff.com,China
589,Gorden,Esslemont,gesslemontgc@samsung.com,China
590,Cassaundra,Spera,csperagd@yelp.com,Japan
591,Odell,Rate,oratege@irs.gov,Namibia
592,Lorain,Vicioso,lviciosogf@biglobe.ne.jp,China
593,Burtie,Swatradge,bswatradgegg@angelfire.com,Colombia
594,Terrijo,Lansdale,tlansdalegh@parallels.com,China
595,Ned,Quiddinton,nquiddintongi@smh.com.au,United States
596,Marybelle,Maund,mmaundgj@unblog.fr,Sweden
597,Tod,Mc Coughan,tmccoughangk@icq.com,China
598,Stephie,Morrowe,smorrowegl@soundcloud.com,France
599,Nell,Morde,nmordegm@cnn.com,Portugal
600,Seline,Bolens,sbolensgn@pagesperso-orange.fr,Japan
601,Rafaela,Habbershon,rhabbershongo@ftc.gov,Bulgaria
602,Ruthie,Hobbing,rhobbinggp@ezinearticles.com,Namibia
603,Les,Comellini,lcomellinigq@washington.edu,Indonesia
604,Aida,Desson,adessongr@blogtalkradio.com,Luxembourg
605,Sorcha,Titchen,stitchengs@toplist.cz,China
606,Sophia,Brenard,sbrenardgt@wikispaces.com,Syria
607,Adina,Gages,agagesgu@hibu.com,Canada
608,Darbie,Damrel,ddamrelgv@linkedin.com,Portugal
609,Miof mela,Moraleda,mmoraledagw@paypal.com,Mexico
610,Timmi,Chevers,tcheversgx@cisco.com,Laos
611,Poul,Jickles,pjicklesgy@arizona.edu,Sweden
612,Florrie,Elcom,felcomgz@fema.gov,France
613,Sherri,Lampke,slampkeh0@psu.edu,Poland
614,Meryl,Gietz,mgietzh1@yellowbook.com,Sweden
615,Brien,Passler,bpasslerh2@is.gd,Indonesia
616,Forrest,Edel,fedelh3@bravesites.com,Georgia
617,Culver,Frankton,cfranktonh4@cisco.com,Slovenia
618,Alvy,Johantges,ajohantgesh5@google.com,Indonesia
619,Shawn,Pullen,spullenh6@flickr.com,Uzbekistan
620,Caron,Di Bartolomeo,cdibartolomeoh7@blogtalkradio.com,Palestinian Territory
621,Daniele,Henmarsh,dhenmarshh8@liveinternet.ru,Poland
622,Florencia,Gaitskell,fgaitskellh9@engadget.com,Mongolia
623,Tyson,Rust,trustha@wikispaces.com,Russia
624,Shannon,Tubby,stubbyhb@google.de,Thailand
625,Jamesy,Rashleigh,jrashleighhc@timesonline.co.uk,China
626,Fields,Semper,fsemperhd@angelfire.com,Russia
627,Guinna,Barock,gbarockhe@shinystat.com,Philippines
628,Laure,Croad,lcroadhf@aol.com,Philippines
629,Averyl,Necolds,anecoldshg@icq.com,Philippines
630,Gwenora,Dufaire,gdufairehh@issuu.com,China
631,Stanly,Khristoforov,skhristoforovhi@prweb.com,Sweden
632,Reggie,Justis,rjustishj@macromedia.com,Indonesia
633,Darnall,Dorney,ddorneyhk@independent.co.uk,France
634,Rhianna,Boniface,rbonifacehl@comcast.net,China
635,Elysha,Blaik,eblaikhm@parallels.com,Kenya
636,Brunhilde,Measham,bmeashamhn@networkadvertising.org,Thailand
637,Dulcea,Tibbits,dtibbitsho@jugem.jp,Argentina
638,Hortense,Iamittii,hiamittiihp@netlog.com,Poland
639,Dyana,Ogelsby,dogelsbyhq@statcounter.com,Sweden
640,Ainsley,Schult,aschulthr@rakuten.co.jp,Japan
641,Reginald,Fawckner,rfawcknerhs@myspace.com,Czech Republic
642,Micah,Silversmid,msilversmidht@sfgate.com,Indonesia
643,Brent,Romayne,bromaynehu@dion.ne.jp,Russia
644,Jarrad,Suthworth,jsuthworthhv@chron.com,Bosnia and Herzegovina
645,Gaspar,Lardnar,glardnarhw@loc.gov,Nigeria
646,Tracee,Pachta,tpachtahx@walmart.com,Croatia
647,Janaya,Craister,jcraisterhy@marriott.com,Indonesia
648,Cody,Berringer,cberringerhz@oaic.gov.au,China
649,Phillida,Wrathmall,pwrathmalli0@i2i.jp,China
650,Nadean,Rennox,nrennoxi1@dion.ne.jp,Brazil
651,Herta,Rizzello,hrizzelloi2@latimes.com,Mexico
652,Godart,Grcic,ggrcici3@soundcloud.com,Belarus
653,Rochelle,Blaszkiewicz,rblaszkiewiczi4@surveymonkey.com,Sweden
654,Ree,Libreros,rlibrerosi5@i2i.jp,Portugal
655,Desiree,Dockwray,ddockwrayi6@nps.gov,China
656,Bonny,Mothersdale,bmothersdalei7@deviantart.com,China
657,Meyer,Kilban,mkilbani8@dailymotion.com,Russia
658,Chalmers,Fullstone,cfullstonei9@skype.com,Mongolia
659,Matthew,Slad,msladia@time.com,Kosovo
660,Benton,Goggin,bgogginib@toplist.cz,Portugal
661,Jermain,Ivain,jivainic@illinois.edu,China
662,Ilyse,Denne,idenneid@theatlantic.com,Russia
663,Chloe,Gunner,cgunnerie@irs.gov,Venezuela
664,Cal,Acock,cacockif@gravatar.com,Japan
665,Veronika,Divisek,vdivisekig@vimeo.com,China
666,Elvin,Pointer,epointerih@army.mil,United States
667,Fredrika,Yannoni,fyannoniii@irs.gov,China
668,Catie,Beecheno,cbeechenoij@vinaora.com,Russia
669,Otha,Tourner,otournerik@tamu.edu,Colombia
670,Gates,Parmiter,gparmiteril@booking.com,Brazil
671,Benton,Dwerryhouse,bdwerryhouseim@yolasite.com,Indonesia
672,Shaun,Whitington,swhitingtonin@jalbum.net,China
673,Cly,Zecchii,czecchiiio@reverbnation.com,Russia
674,Marylynne,Ravilious,mraviliousip@unesco.org,China
675,Yolanthe,Rogge,yroggeiq@mozilla.com,Slovenia
676,Anselma,Baiss,abaissir@google.com.au,Venezuela
677,Andreana,Devanny,adevannyis@cbsnews.com,China
678,Cristine,Kettow,ckettowit@wp.com,Venezuela
679,Pasquale,Cicchillo,pcicchilloiu@ucoz.com,Indonesia
680,Anthea,McDade,amcdadeiv@taobao.com,Philippines
681,Kora,Seers,kseersiw@slate.com,Colombia
682,Geordie,Matteo,gmatteoix@meetup.com,Ukraine
683,Beniamino,Flack,bflackiy@army.mil,Indonesia
684,Emera,Robarts,erobartsiz@free.fr,United States
685,Sascha,Aujouanet,saujouanetj0@usnews.com,Brazil
686,Frank,Coulman,fcoulmanj1@google.co.jp,Croatia
687,Val,Sommerville,vsommervillej2@linkedin.com,Indonesia
688,Halsey,Durning,hdurningj3@umn.edu,Nigeria
689,Tiffi,Coslett,tcoslettj4@discovery.com,Portugal
690,Hashim,Tellett,htellettj5@japanpost.jp,Czech Republic
691,Eddie,MacKay,emackayj6@hibu.com,China
692,Maddy,Webberley,mwebberleyj7@ning.com,South Africa
693,Jennine,Scheffel,jscheffelj8@tuttocitta.it,China
694,Risa,Reneke,rrenekej9@ezinearticles.com,Indonesia
695,Laurence,Houltham,lhoulthamja@si.edu,France
696,Darell,Bauckham,dbauckhamjb@fema.gov,Philippines
697,Mirabella,Cherm,mchermjc@youku.com,Czech Republic
698,Gilburt,Straughan,gstraughanjd@fda.gov,Sweden
699,Jeremias,Allgood,jallgoodje@linkedin.com,Mali
700,Zola,Coventry,zcoventryjf@rediff.com,Azerbaijan
701,Emiline,Cloughton,ecloughtonjg@parallels.com,Lithuania
702,Westley,McGillacoell,wmcgillacoelljh@mlb.com,China
703,Erma,McCathie,emccathieji@ucoz.com,Germany
704,Selby,Milland,smillandjj@google.pl,Iraq
705,Felicle,Wabersich,fwabersichjk@mysql.com,China
706,Richie,Garlinge,rgarlingejl@cpanel.net,Colombia
707,Rita,McKerron,rmckerronjm@patch.com,China
708,Crissie,McGinn,cmcginnjn@gov.uk,Mauritius
709,Madelina,Siegertsz,msiegertszjo@ocn.ne.jp,South Africa
710,Lauri,Liggett,lliggettjp@thetimes.co.uk,Portugal
711,Kenna,Christmas,kchristmasjq@twitpic.com,Indonesia
712,Denyse,Dignam,ddignamjr@businessinsider.com,China
713,Felipa,Joysey,fjoyseyjs@amazon.com,Indonesia
714,Joana,Lomen,jlomenjt@lycos.com,Mexico
715,Benn,Scud,bscudju@zdnet.com,Indonesia
716,Felicle,Gallelli,fgallellijv@slideshare.net,Ukraine
717,Cly,Jevons,cjevonsjw@google.it,Sweden
718,Kennett,Soldan,ksoldanjx@chronoengine.com,Argentina
719,Barde,Dallywater,bdallywaterjy@a8.net,Laos
720,Modesty,Mawson,mmawsonjz@oakley.com,Indonesia
721,Augustus,Tebald,atebaldk0@mozilla.com,China
722,Michelle,Wandrich,mwandrichk1@upenn.edu,Mauritius
723,Carolin,Ketton,ckettonk2@time.com,China
724,Elyssa,Kann,ekannk3@360.cn,Canada
725,Kort,Mothersdale,kmothersdalek4@nih.gov,Palestinian Territory
726,Garry,Campsall,gcampsallk5@bbc.co.uk,Tunisia
727,Ariel,D'Arrigo,adarrigok6@theglobeandmail.com,Albania
728,Tome,Luxen,tluxenk7@gmpg.org,Vietnam
729,Romola,Thridgould,rthridgouldk8@zimbio.com,China
730,Haywood,Triner,htrinerk9@ibm.com,Nigeria
731,Reine,Shannahan,rshannahanka@sina.com.cn,China
732,Marybeth,Brunke,mbrunkekb@usnews.com,Philippines
733,Camila,Fetherstan,cfetherstankc@nymag.com,Peru
734,Thomasine,Eustace,teustacekd@latimes.com,Brazil
735,Arlen,Emberson,aembersonke@twitpic.com,Portugal
736,Lolita,Sidwell,lsidwellkf@google.com.au,Croatia
737,Kameko,Stammler,kstammlerkg@yale.edu,Philippines
738,Gnni,Picken,gpickenkh@blogger.com,China
739,Correy,Souley,csouleyki@mozilla.com,Indonesia
740,Doralin,Garritley,dgarritleykj@spotify.com,Ethiopia
741,Arne,Vanetti,avanettikk@desdev.cn,China
742,Nappie,Pursey,npurseykl@independent.co.uk,Indonesia
743,Allyce,Springtorp,aspringtorpkm@tripadvisor.com,Mongolia
744,Iosep,Calderhead,icalderheadkn@opera.com,Indonesia
745,Tedra,Harbard,tharbardko@reuters.com,Indonesia
746,Kellina,Leipoldt,kleipoldtkp@whitehouse.gov,Argentina
747,Ellsworth,O' Mulderrig,eomulderrigkq@businesswire.com,Uruguay
748,Pat,Golton,pgoltonkr@homestead.com,South Korea
749,Latia,Blinco,lblincoks@cdc.gov,Croatia
750,Curran,Wyldbore,cwyldborekt@irs.gov,China
751,Ethelbert,Everwin,eeverwinku@angelfire.com,Russia
752,Randy,McCaughren,rmccaughrenkv@sohu.com,Egypt
753,Collen,Bruno,cbrunokw@ibm.com,Russia
754,Robina,Ropkes,rropkeskx@guardian.co.uk,Paraguay
755,Farrah,Alliban,fallibanky@instagram.com,China
756,Germaine,Lovelace,glovelacekz@wikimedia.org,Indonesia
757,Virge,Lavin,vlavinl0@123-reg.co.uk,Russia
758,Kennith,O'Cosgra,kocosgral1@nydailynews.com,Indonesia
759,Isabella,Dallon,idallonl2@comcast.net,Philippines
760,Auberta,Jakobsson,ajakobssonl3@weather.com,Costa Rica
761,Kathryne,Lamswood,klamswoodl4@cafepress.com,United States
762,Dorothy,Pottie,dpottiel5@yellowbook.com,Brazil
763,Randy,Rattray,rrattrayl6@parallels.com,Republic of the Congo
764,Elfrida,Dobbing,edobbingl7@artisteer.com,Indonesia
765,Torie,Driussi,tdriussil8@tumblr.com,Pakistan
766,Florinda,Dooher,fdooherl9@t.co,China
767,Hendrick,Penton,hpentonla@microsoft.com,Russia
768,Boy,Delue,bdeluelb@dailymail.co.uk,Poland
769,Rutherford,Sneddon,rsneddonlc@netvibes.com,Laos
770,Barbe,Warrener,bwarrenerld@senate.gov,Russia
771,Ashla,Widdowson,awiddowsonle@seattletimes.com,China
772,Ody,Vinau,ovinaulf@java.com,Philippines
773,Danny,Dugan,dduganlg@wsj.com,China
774,Huey,Goforth,hgoforthlh@cocolog-nifty.com,Belarus
775,Gussie,Ranfield,granfieldli@army.mil,Indonesia
776,Anet,Beharrell,abeharrelllj@yale.edu,Indonesia
777,Jayme,Klima,jklimalk@narod.ru,Thailand
778,Dannie,Belfield,dbelfieldll@usa.gov,Japan
779,Kippar,Najara,knajaralm@senate.gov,Indonesia
780,Nick,Deverille,ndeverilleln@google.com.hk,Australia
781,Hakim,Milbourn,hmilbournlo@163.com,China
782,Cullin,Akker,cakkerlp@shop-pro.jp,China
783,Penrod,Bauckham,pbauckhamlq@blinklist.com,China
784,Jacenta,Losemann,jlosemannlr@abc.net.au,China
785,Cate,Pydcock,cpydcockls@craigslist.org,Nauru
786,Ulrick,Hullin,uhullinlt@bbc.co.uk,Mauritius
787,Sharai,Sutliff,ssutlifflu@businessweek.com,China
788,Mehetabel,Recke,mreckelv@rediff.com,Cuba
789,Joete,Twallin,jtwallinlw@webs.com,Mexico
790,Erroll,Pretsell,epretselllx@uiuc.edu,China
791,Constantia,Calderon,ccalderonly@wisc.edu,Indonesia
792,Wally,Bengall,wbengalllz@joomla.org,Italy
793,Sofie,Altree,saltreem0@domainmarket.com,Portugal
794,Vernen,Patty,vpattym1@howstuffworks.com,South Africa
795,Gnni,Barke,gbarkem2@un.org,China
796,Felice,Camillo,fcamillom3@irs.gov,Russia
797,Xavier,Trevithick,xtrevithickm4@amazon.co.jp,Panama
798,Didi,Duddan,dduddanm5@senate.gov,Indonesia
799,Noak,Joddins,njoddinsm6@cbc.ca,China
800,Gwendolyn,Raistrick,graistrickm7@ed.gov,China
801,Hurleigh,Mattisssen,hmattisssenm8@timesonline.co.uk,Thailand
802,Fonzie,Niemetz,fniemetzm9@mail.ru,Canada
803,Yuma,Scouse,yscousema@globo.com,Indonesia
804,Janey,Scoggins,jscogginsmb@fastcompany.com,Cuba
805,Leonelle,Mallender,lmallendermc@msu.edu,China
806,Vittorio,McCarl,vmccarlmd@purevolume.com,Brazil
807,Donelle,Vodden,dvoddenme@wix.com,Russia
808,Tyrus,Marchington,tmarchingtonmf@guardian.co.uk,Russia
809,Onofredo,Skillen,oskillenmg@google.ca,China
810,Burton,Barnwille,bbarnwillemh@google.pl,China
811,Oralla,Gascoyen,ogascoyenmi@sohu.com,Portugal
812,Justinn,Roughey,jrougheymj@exblog.jp,Philippines
813,Garvy,Colles,gcollesmk@youku.com,Indonesia
814,Millard,Fishleigh,mfishleighml@census.gov,France
815,Tallie,Tippin,ttippinmm@wired.com,Sweden
816,Alec,Thrussell,athrussellmn@discovery.com,Czech Republic
817,Tallulah,Oager,toagermo@shop-pro.jp,Honduras
818,Hannah,Leathley,hleathleymp@comcast.net,France
819,Mahmoud,Dalyiel,mdalyielmq@umich.edu,France
820,Bealle,Kings,bkingsmr@wikimedia.org,Serbia
821,Natty,Peiser,npeiserms@google.de,Tanzania
822,Shelden,Brugger,sbruggermt@wufoo.com,Russia
823,Kizzee,Milnes,kmilnesmu@geocities.jp,China
824,Annice,Towndrow,atowndrowmv@dion.ne.jp,France
825,Artur,Nesbit,anesbitmw@sourceforge.net,Philippines
826,Vachel,Ledson,vledsonmx@fc2.com,Russia
827,Quillan,Hardes,qhardesmy@jimdo.com,Indonesia
828,Tanitansy,Fresson,tfressonmz@cnet.com,Russia
829,Isacco,Wright,iwrightn0@behance.net,Botswana
830,Rianon,Coade,rcoaden1@naver.com,Philippines
831,Xever,Edgworth,xedgworthn2@youku.com,France
832,Dulce,Bache,dbachen3@eepurl.com,Philippines
833,Gwendolin,Glencrash,gglencrashn4@bbc.co.uk,Sudan
834,Shana,Crocroft,scrocroftn5@ezinearticles.com,Norway
835,Hastings,Capp,hcappn6@examiner.com,Russia
836,Milissent,Jouaneton,mjouanetonn7@last.fm,Poland
837,Daryl,Bathowe,dbathowen8@samsung.com,China
838,Cathyleen,Johanning,cjohanningn9@naver.com,Australia
839,Clarance,Vela,cvelana@timesonline.co.uk,China
840,Elisha,Epelett,eepelettnb@jimdo.com,Ukraine
841,Norrie,Hulkes,nhulkesnc@paypal.com,Philippines
842,Guido,Haywood,ghaywoodnd@marriott.com,Philippines
843,Vallie,Whalebelly,vwhalebellyne@chicagotribune.com,Argentina
844,Juditha,Christy,jchristynf@github.io,Poland
845,Cordell,Reichelt,creicheltng@who.int,Philippines
846,Lindy,Eatttok,leatttoknh@elpais.com,China
847,Dorelle,Antonescu,dantonescuni@ocn.ne.jp,China
848,Isidor,Imos,iimosnj@lycos.com,Poland
849,Rorke,Bastick,rbasticknk@theguardian.com,Bulgaria
850,Dona,Swayte,dswaytenl@sbwire.com,Ukraine
851,Korrie,Margetts,kmargettsnm@ucsd.edu,Argentina
852,Rocky,Brandsen,rbrandsennn@samsung.com,China
853,Walden,Gethins,wgethinsno@blinklist.com,Brazil
854,Cy,Dicker,cdickernp@google.cn,China
855,Vanya,Papierz,vpapierznq@sitemeter.com,Georgia
856,Margi,Claige,mclaigenr@desdev.cn,Dominican Republic
857,Alyse,Brussell,abrussellns@theguardian.com,Philippines
858,Stinky,McKevin,smckevinnt@sogou.com,China
859,Kelsey,Roose,kroosenu@ehow.com,Thailand
860,Lorry,Vaissiere,lvaissierenv@arstechnica.com,Indonesia
861,Dolf,Ligerton,dligertonnw@cbc.ca,Armenia
862,Farrah,Matzen,fmatzennx@umich.edu,Uganda
863,Ashleigh,Kreber,akreberny@xing.com,United States
864,Kym,Kapiloff,kkapiloffnz@chron.com,China
865,Timothy,Watting,twattingo0@army.mil,Uzbekistan
866,Andriette,Huck,ahucko1@hao123.com,Uruguay
867,Gisela,Teggin,gteggino2@google.ca,China
868,Cherye,MacSween,cmacsweeno3@comcast.net,Ukraine
869,Amos,Sporle,asporleo4@hhs.gov,Bosnia and Herzegovina
870,Tristam,Daglish,tdaglisho5@tumblr.com,Honduras
871,Kira,Dawbery,kdawberyo6@live.com,Philippines
872,Hobey,Micklem,hmicklemo7@zdnet.com,Nigeria
873,Beitris,Gallally,bgallallyo8@google.com,Russia
874,Muire,Colthard,mcolthardo9@dion.ne.jp,China
875,Shaun,Hawtry,shawtryoa@amazon.co.uk,Indonesia
876,Penrod,Greatland,pgreatlandob@ucoz.com,Philippines
877,Reagan,Aasaf,raasafoc@cocolog-nifty.com,China
878,Sheffie,Topp,stoppod@mayoclinic.com,Russia
879,Estel,Hallin,ehallinoe@google.cn,Turkey
880,Hyatt,Gallimore,hgallimoreof@narod.ru,Indonesia
881,Sybille,Vondracek,svondracekog@home.pl,Norway
882,Augie,Creany,acreanyoh@tinypic.com,Czech Republic
883,Salem,Davson,sdavsonoi@google.it,Philippines
884,Alison,Kerslake,akerslakeoj@nps.gov,China
885,Meyer,Divina,mdivinaok@facebook.com,China
886,Feodora,Gathwaite,fgathwaiteol@prlog.org,Croatia
887,Crissy,Pixton,cpixtonom@angelfire.com,China
888,Abner,Huggons,ahuggonson@fotki.com,China
889,Stinky,Jeeks,sjeeksoo@tuttocitta.it,China
890,Ardine,Burke,aburkeop@nydailynews.com,Honduras
891,Donielle,Khalid,dkhalidoq@google.es,China
892,Torrey,Fullick,tfullickor@cdc.gov,Indonesia
893,Sadye,Brewster,sbrewsteros@mapquest.com,Denmark
894,Darda,Philps,dphilpsot@youku.com,China
895,Minette,Chapier,mchapierou@cbslocal.com,China
896,Wakefield,Whatford,wwhatfordov@simplemachines.org,Brazil
897,Simone,Keith,skeithow@nasa.gov,Iran
898,Danice,Braune,dbrauneox@4shared.com,China
899,Glynnis,O'Mara,gomaraoy@prlog.org,Philippines
900,Elvin,McTrustie,emctrustieoz@scientificamerican.com,Luxembourg
901,Georg,Warcop,gwarcopp0@hud.gov,Philippines
902,Egan,McKniely,emcknielyp1@dell.com,Greece
903,Timmi,Phelp,tphelpp2@themeforest.net,Russia
904,Marylou,Toth,mtothp3@telegraph.co.uk,China
905,Opal,Lethebridge,olethebridgep4@loc.gov,Canada
906,Montague,Edmonson,medmonsonp5@twitpic.com,Latvia
907,Lesley,Geach,lgeachp6@freewebs.com,Niger
908,Karlen,Tighe,ktighep7@independent.co.uk,Indonesia
909,Vanya,Lea,vleap8@ovh.net,Japan
910,Lotty,Cade,lcadep9@discovery.com,Argentina
911,Obediah,Gronauer,ogronauerpa@jalbum.net,Philippines
912,Orelia,Janning,ojanningpb@360.cn,China
913,Shaylyn,Burnell,sburnellpc@google.cn,China
914,Alexandra,Cicchetto,acicchettopd@mtv.com,Bolivia
915,Alfie,Bellsham,abellshampe@shinystat.com,France
916,Maury,Plett,mplettpf@yellowpages.com,Poland
917,Lewes,Winston,lwinstonpg@squarespace.com,Poland
918,Antony,MacDermott,amacdermottph@netlog.com,Indonesia
919,Celia,Hassent,chassentpi@altervista.org,Bosnia and Herzegovina
920,Tyne,Dabnor,tdabnorpj@pcworld.com,Thailand
921,Cordey,Origan,coriganpk@behance.net,Brazil
922,Alick,Roddan,aroddanpl@unc.edu,Indonesia
923,Gussi,Frisch,gfrischpm@purevolume.com,South Africa
924,Duffie,Moodycliffe,dmoodycliffepn@uiuc.edu,Canada
925,Kassia,Broadbent,kbroadbentpo@istockphoto.com,Indonesia
926,Leah,Broadbere,lbroadberepp@adobe.com,China
927,Grenville,Heatley,gheatleypq@arizona.edu,Indonesia
928,Steffie,Tow,stowpr@chron.com,Brazil
929,Jacinta,Blinman,jblinmanps@wikipedia.org,Philippines
930,Bogey,Zapatero,bzapateropt@ameblo.jp,Czech Republic
931,Horatia,McCoole,hmccoolepu@vistaprint.com,China
932,Kelli,Veljes,kveljespv@123-reg.co.uk,Uzbekistan
933,Konstance,Fisk,kfiskpw@goo.gl,Netherlands
934,Elissa,Turfes,eturfespx@princeton.edu,Russia
935,Klement,Cundey,kcundeypy@indiatimes.com,Argentina
936,Hussein,Rivalant,hrivalantpz@archive.org,Russia
937,Analiese,Presshaugh,apresshaughq0@amazon.com,Peru
938,Tess,Oldknowe,toldknoweq1@chron.com,Russia
939,Abby,Shellcross,ashellcrossq2@artisteer.com,China
940,Ansley,Wallace,awallaceq3@edublogs.org,China
941,Tabatha,Alam,talamq4@wikispaces.com,Ukraine
942,Elsi,Tyas,etyasq5@bigcartel.com,Russia
943,Louis,Gudd,lguddq6@moonfruit.com,Indonesia
944,Lian,Aleksashin,laleksashinq7@weebly.com,Philippines
945,Burt,Sutty,bsuttyq8@elegantthemes.com,Sweden
946,Westbrooke,Trice,wtriceq9@bloglines.com,Ukraine
947,Felicia,Klemensiewicz,fklemensiewiczqa@utexas.edu,France
948,Hermia,Eastcott,heastcottqb@ihg.com,Thailand
949,Berenice,Boller,bbollerqc@acquirethisname.com,Kenya
950,Ikey,Wince,iwinceqd@youku.com,China
951,Thibaud,Connors,tconnorsqe@shinystat.com,Bosnia and Herzegovina
952,Jordana,Carnachen,jcarnachenqf@omniture.com,China
953,Isidro,Agent,iagentqg@theatlantic.com,Ukraine
954,Winn,Francois,wfrancoisqh@youtube.com,Canada
955,Salvidor,Swainsbury,sswainsburyqi@unesco.org,Russia
956,Errol,Boyton,eboytonqj@slate.com,Philippines
957,Trip,Greene,tgreeneqk@springer.com,Ukraine
958,Ashlan,Serck,aserckql@webnode.com,Spain
959,Barbey,Lowle,blowleqm@storify.com,Sweden
960,Stefanie,Pleace,spleaceqn@gnu.org,Guatemala
961,Ward,Braybrook,wbraybrookqo@biglobe.ne.jp,China
962,Florentia,Belliard,fbelliardqp@sohu.com,Indonesia
963,Franky,Sibbald,fsibbaldqq@naver.com,France
964,Garek,Rosenblath,grosenblathqr@weather.com,Panama
965,Betsy,Barbe,bbarbeqs@nbcnews.com,Indonesia
966,Lotta,Hought,lhoughtqt@thetimes.co.uk,Costa Rica
967,Kizzee,Palomba,kpalombaqu@domainmarket.com,China
968,Doe,Worpole,dworpoleqv@wix.com,Myanmar
969,Merline,Bullen,mbullenqw@tmall.com,China
970,Flossy,Barriball,fbarriballqx@list-manage.com,China
971,Hedi,Stamp,hstampqy@webnode.com,Indonesia
972,Llewellyn,Killough,lkilloughqz@columbia.edu,Brazil
973,Loutitia,Blondelle,lblondeller0@sbwire.com,China
974,Gregorius,Klawi,gklawir1@imageshack.us,Tunisia
975,Robbin,Caress,rcaressr2@fastcompany.com,Dominican Republic
976,Cassius,McComas,cmccomasr3@simplemachines.org,Czech Republic
977,Cleopatra,Kidner,ckidnerr4@marketwatch.com,Indonesia
978,Merrili,Cleve,mclever5@mashable.com,China
979,Arabella,Mathon,amathonr6@cafepress.com,Sweden
980,Delores,Lapish,dlapishr7@answers.com,France
981,Fanny,Baudain,fbaudainr8@123-reg.co.uk,Brazil
982,Sigrid,Di Claudio,sdiclaudior9@yale.edu,Mexico
983,Stacee,Stayt,sstaytra@go.com,Indonesia
984,Bobinette,Fuller,bfullerrb@4shared.com,Philippines
985,Joycelin,Figgess,jfiggessrc@weibo.com,Poland
986,Nealon,Cozins,ncozinsrd@fema.gov,Portugal
987,Yorgos,Norman,ynormanre@huffingtonpost.com,United States
988,Kacey,Yurenin,kyureninrf@cloudflare.com,Kyrgyzstan
989,Korey,Dowdney,kdowdneyrg@skyrock.com,Croatia
990,Fanchette,Botly,fbotlyrh@plala.or.jp,Czech Republic
991,Dix,Cosbee,dcosbeeri@upenn.edu,China
992,Cody,Alekhov,calekhovrj@oakley.com,China
993,Katuscha,Dot,kdotrk@sphinn.com,Portugal
994,Laurianne,Croisdall,lcroisdallrl@time.com,Tanzania
995,Aimee,Hurdis,ahurdisrm@dell.com,China
996,Page,Rogerson,progersonrn@arstechnica.com,China
997,Adlai,Scothern,ascothernro@soundcloud.com,China
998,Gordon,Lammers,glammersrp@army.mil,Brazil
999,Cherida,Braime,cbraimerq@mysql.com,Brazil
1000,Nikki,Kemery,nkemeryrr@ovh.net,Madagascar